timestamp,tollID,tagRef,tagHomeID,charge
2022-05-14 23:00,NO02,EGC11ERTJ,EG,3.85
2022-05-14 23:02,NAO21,NAOP0J43D5,NAO,2.5
2022-05-14 23:18,MO05,MOJCKJLTE,MO,2.6
2022-05-15 00:03,AM02,AMV3A3ZMF,AM,2.0
2022-05-15 00:07,NAO03,EGF1T2TAL,EG,2.5
2022-05-15 00:20,EG06,EGC11ERTJ,EG,1.7
2022-05-15 00:27,AM01,OO7PZE9VI,OO,2.0
2022-05-15 00:52,NO01,AMNT3W5UZ,AM,3.85
2022-05-15 00:55,AM06,AMH9SDBDW,AM,3.6
2022-05-15 01:01,OO06,OO3KKV9RF,OO,3.5
2022-05-15 01:10,EG18,EGC11ERTJ,EG,2.1
2022-05-15 01:14,NO02,NOXFGCAQV,NO,3.85
2022-05-15 01:14,AM10,AMXAJI0Y6,AM,3.1
2022-05-15 01:43,NAO24,NAOHL1N13J,NAO,2.5
2022-05-15 03:06,NO12,NOQLL8OS9,NO,3.35
2022-05-15 03:24,KO01,OO3KKV9RF,OO,3.4
2022-05-15 03:37,EG02,NAONSM43D8,NAO,3.0
2022-05-15 04:02,NO08,NORCBPLJD,NO,3.55
2022-05-15 04:36,NAO12,AMXAJI0Y6,AM,2.5
2022-05-15 04:44,NO08,NORCBPLJD,NO,3.55
2022-05-15 04:45,EG06,NO7PTX63C,NO,1.7
2022-05-15 05:27,NO03,NORCBPLJD,NO,3.25
2022-05-15 05:38,NAO07,NAOURTP0LZ,NAO,2.5
2022-05-15 05:57,NAO03,KOJDP0LVS,KO,2.5
2022-05-15 07:04,AM08,AMXAJI0Y6,AM,2.8
2022-05-15 07:29,KO03,KONCXLL4Z,KO,2.95
2022-05-15 08:01,NO11,NOE1V2ISQ,NO,3.35
2022-05-15 08:14,NAO33,NAOP0J43D5,NAO,2.5
2022-05-15 08:26,AM10,NAO5ZJA8DZ,NAO,3.1
2022-05-15 08:38,EG33,EGRHOCN9J,EG,2.0
2022-05-15 08:42,OO03,OOZSJ49IT,OO,2.4
2022-05-15 08:55,NAO07,NAOP0J43D5,NAO,2.5
2022-05-15 08:58,NO07,OOQ0OXFQ8,OO,3.55
2022-05-15 09:06,OO02,NAOLY8OZCY,NAO,2.3
2022-05-15 09:06,NAO14,NAOHAFEYUH,NAO,2.5
2022-05-15 09:15,AM05,AMHJ7XVG0,AM,3.6
2022-05-15 09:39,NO11,NAOURTP0LZ,NAO,3.35
2022-05-15 09:46,OO06,NO7PTX63C,NO,3.5
2022-05-15 09:52,KO03,AMNT3W5UZ,AM,2.95
2022-05-15 10:53,NAO09,NAOP0J43D5,NAO,2.5
2022-05-15 11:09,NAO20,EG7UR23GD,EG,2.5
2022-05-15 11:35,EG19,EGVWPVS7H,EG,1.4
2022-05-15 11:50,KO07,NAOURTP0LZ,NAO,1.85
2022-05-15 12:08,NO01,NO7PTX63C,NO,3.85
2022-05-15 12:53,NAO09,NAONSM43D8,NAO,2.5
2022-05-15 12:55,NO11,NOQLL8OS9,NO,3.35
2022-05-15 13:06,OO01,OO7PZE9VI,OO,2.3
2022-05-15 13:06,NAO21,EGC11ERTJ,EG,2.5
2022-05-15 13:12,AM02,AMHJ7XVG0,AM,2.0
2022-05-15 13:16,KO05,KOWKTAKPU,KO,1.9
2022-05-15 13:37,NAO05,NAO5ZJA8DZ,NAO,2.5
2022-05-15 14:07,NAO16,NAOBMYOFQE,NAO,2.5
2022-05-15 14:41,NAO15,NAOLY8OZCY,NAO,2.5
2022-05-15 14:53,NAO41,NAOP0J43D5,NAO,2.5
2022-05-15 15:44,EG36,MOV86WZS3,MO,1.0
2022-05-15 16:47,AM05,AMLJH75LX,AM,3.6
2022-05-15 16:56,EG29,EGUT0CVS4,EG,1.5
2022-05-15 17:05,EG21,AMH9SDBDW,AM,1.6
2022-05-15 17:09,NAO16,EGIGQPKI7,EG,2.5
2022-05-15 17:19,OO02,OO3KKV9RF,OO,2.3
2022-05-15 17:20,EG38,GEL6246HI,GE,1.4
2022-05-15 17:25,NO14,OO1B0Z3NX,OO,4.15
2022-05-15 17:25,OO04,OO7PZE9VI,OO,2.4
2022-05-15 17:39,AM04,AMV3A3ZMF,AM,2.2
2022-05-15 17:46,AM10,AMHJ7XVG0,AM,3.1
2022-05-15 17:57,OO01,OOZSJ49IT,OO,2.3
2022-05-15 17:57,EG08,EGRHOCN9J,EG,1.8
2022-05-15 18:07,EG30,EG9CHJ755,EG,1.5
2022-05-15 18:14,AM06,AMH9SDBDW,AM,3.6
2022-05-15 18:19,AM01,NAOLY8OZCY,NAO,2.0
2022-05-15 18:35,NAO03,KOIXA11DP,KO,2.5
2022-05-15 18:46,NAO32,NAOHAFEYUH,NAO,2.5
2022-05-15 18:49,OO09,OO3KKV9RF,OO,2.5
2022-05-15 18:52,NAO40,NAONSM43D8,NAO,2.5
2022-05-15 19:01,KO04,KOWKTAKPU,KO,2.95
2022-05-15 19:19,NO11,NOXFGCAQV,NO,3.35
2022-05-15 20:08,EG32,NAO5ZJA8DZ,NAO,1.4
2022-05-15 20:08,KO10,KOWKTAKPU,KO,2.05
2022-05-15 20:14,AM06,AMLJH75LX,AM,3.6
2022-05-15 20:37,OO03,NAOLY8OZCY,NAO,2.4
2022-05-15 20:46,GE02,GE2IAGL58,GE,14.7
2022-05-15 20:57,NAO30,NAOBMYOFQE,NAO,2.5
2022-05-15 20:58,EG24,EGSEIMVIH,EG,1.4
2022-05-15 21:59,OO04,OOZSJ49IT,OO,2.4
2022-05-15 22:13,KO02,AMXAJI0Y6,AM,3.4
2022-05-15 22:31,EG21,EGYTJXEPQ,EG,1.6
2022-05-15 22:47,OO03,OO1B0Z3NX,OO,2.4
2022-05-15 22:47,NO07,AMV3A3ZMF,AM,3.55
2022-05-15 22:59,NO06,NO7PTX63C,NO,3.25
2022-05-15 23:02,NAO03,KOIXA11DP,KO,2.5
2022-05-15 23:04,AM06,NAOBMYOFQE,NAO,3.6
2022-05-15 23:52,EG34,EGVWPVS7H,EG,2.0
2022-05-16 00:20,EG09,NAOP0J43D5,NAO,0.9
2022-05-16 00:21,EG03,EGC11ERTJ,EG,1.2
2022-05-16 00:46,EG33,EG9CHJ755,EG,2.0
2022-05-16 00:57,OO10,NAO09SKDGI,NAO,2.5
2022-05-16 01:10,OO10,NAO09SKDGI,NAO,2.5
2022-05-16 01:31,NO01,NOE1V2ISQ,NO,3.85
2022-05-16 01:37,EG29,EG7UR23GD,EG,1.5
2022-05-16 01:49,OO01,OO7PZE9VI,OO,2.3
2022-05-16 02:08,AM02,AMHJ7XVG0,AM,2.0
2022-05-16 02:22,OO01,AMLJH75LX,AM,2.3
2022-05-16 02:36,OO03,OO7PZE9VI,OO,2.4
2022-05-16 02:48,NO01,NOE1V2ISQ,NO,3.85
2022-05-16 02:49,EG28,EGF1T2TAL,EG,1.4
2022-05-16 03:09,EG01,EG9CHJ755,EG,3.0
2022-05-16 03:19,NO05,OO1B0Z3NX,OO,3.25
2022-05-16 03:20,AM05,AMLJH75LX,AM,3.6
2022-05-16 03:26,OO03,KOWM31YIH,KO,2.4
2022-05-16 03:36,EG12,EGSEIMVIH,EG,0.5
2022-05-16 03:52,OO06,OOQ0OXFQ8,OO,3.5
2022-05-16 03:58,EG33,EGIGQPKI7,EG,2.0
2022-05-16 04:34,NAO06,NAOHAFEYUH,NAO,2.5
2022-05-16 05:25,OO01,OO7PZE9VI,OO,2.3
2022-05-16 05:25,AM08,EGYTJXEPQ,EG,2.8
2022-05-16 05:38,AM08,EGYTJXEPQ,EG,2.8
2022-05-16 05:48,EG11,EGRHOCN9J,EG,0.5
2022-05-16 05:52,OO05,NO7PTX63C,NO,3.5
2022-05-16 05:53,GE02,KOWKTAKPU,KO,14.7
2022-05-16 05:53,EG19,EGVWPVS7H,EG,1.4
2022-05-16 06:03,OO05,OO3KKV9RF,OO,3.5
2022-05-16 06:53,KO08,KOWM31YIH,KO,1.85
2022-05-16 06:54,KO08,KOJDP0LVS,KO,1.85
2022-05-16 07:03,EG22,OO7PZE9VI,OO,1.6
2022-05-16 07:04,NAO30,EGUT0CVS4,EG,2.5
2022-05-16 07:34,NO01,NOE1V2ISQ,NO,3.85
2022-05-16 07:36,OO05,OO3KKV9RF,OO,3.5
2022-05-16 07:42,NAO26,EGF1T2TAL,EG,2.5
2022-05-16 07:57,EG33,EGYTJXEPQ,EG,2.0
2022-05-16 08:07,KO09,KOWM31YIH,KO,2.05
2022-05-16 08:54,OO09,EGRHOCN9J,EG,2.5
2022-05-16 08:56,NAO29,NO7PTX63C,NO,2.5
2022-05-16 09:11,NAO32,NAO5UQPGB7,NAO,2.5
2022-05-16 09:16,MO08,MOJCKJLTE,MO,3.15
2022-05-16 09:17,KO02,EGIGQPKI7,EG,3.4
2022-05-16 09:25,EG21,EGF1T2TAL,EG,1.6
2022-05-16 09:26,NO12,NOX6GVWRD,NO,3.35
2022-05-16 09:51,EG33,EGF1T2TAL,EG,2.0
2022-05-16 10:11,NO10,OO1B0Z3NX,OO,4.2
2022-05-16 10:20,NO12,AMXAJI0Y6,AM,3.35
2022-05-16 10:22,NO03,NORCBPLJD,NO,3.25
2022-05-16 10:26,KO08,KOJDP0LVS,KO,1.85
2022-05-16 11:25,AM10,NAO5ZJA8DZ,NAO,3.1
2022-05-16 11:45,NAO40,EGRHOCN9J,EG,2.5
2022-05-16 12:08,EG11,EGRHOCN9J,EG,0.5
2022-05-16 12:13,NAO39,AMNT3W5UZ,AM,2.5
2022-05-16 13:07,AM07,OO1B0Z3NX,OO,2.8
2022-05-16 13:35,OO01,OOZSJ49IT,OO,2.3
2022-05-16 13:38,EG05,EGIGQPKI7,EG,1.7
2022-05-16 13:53,OO10,OOQ0OXFQ8,OO,2.5
2022-05-16 14:11,MO05,NAOP0J43D5,NAO,2.6
2022-05-16 14:29,NAO28,NAONSM43D8,NAO,2.5
2022-05-16 14:32,OO10,AMLJH75LX,AM,2.5
2022-05-16 14:37,OO01,NORCBPLJD,NO,2.3
2022-05-16 15:06,NAO12,NAO09SKDGI,NAO,2.5
2022-05-16 15:11,AM01,AMLJH75LX,AM,2.0
2022-05-16 15:16,KO03,KONCXLL4Z,KO,2.95
2022-05-16 15:18,NAO03,KOIXA11DP,KO,2.5
2022-05-16 15:30,MO08,MOV86WZS3,MO,3.15
2022-05-16 15:31,KO10,KONCXLL4Z,KO,2.05
2022-05-16 15:44,EG37,EGIGQPKI7,EG,1.4
2022-05-16 15:51,AM06,EG7UR23GD,EG,3.6
2022-05-16 15:56,EG23,EG7UR23GD,EG,1.4
2022-05-16 16:11,NAO25,NAO09SKDGI,NAO,2.5
2022-05-16 16:23,AM07,AMV3A3ZMF,AM,2.8
2022-05-16 17:02,MO09,EGF1T2TAL,EG,2.7
2022-05-16 17:26,NAO18,NAOBMYOFQE,NAO,2.5
2022-05-16 17:26,KO05,EGF1T2TAL,EG,1.9
2022-05-16 17:32,NAO05,NAOP0J43D5,NAO,2.5
2022-05-16 18:07,EG24,EGF1T2TAL,EG,1.4
2022-05-16 18:25,NAO06,NAOHAFEYUH,NAO,2.5
2022-05-16 20:05,EG36,EGC11ERTJ,EG,1.0
2022-05-16 20:06,OO10,OOQ0OXFQ8,OO,2.5
2022-05-16 20:37,NAO02,KOIXA11DP,KO,2.5
2022-05-16 20:40,AM07,AMLJH75LX,AM,2.8
2022-05-16 21:51,AM02,AMNT3W5UZ,AM,2.0
2022-05-16 22:17,NAO39,NAOURTP0LZ,NAO,2.5
2022-05-16 22:30,EG21,EGYTJXEPQ,EG,1.6
2022-05-16 22:49,NAO03,EGF1T2TAL,EG,2.5
2022-05-16 23:19,AM04,AMLJH75LX,AM,2.2
2022-05-17 00:31,MO03,MOJCKJLTE,MO,2.1
2022-05-17 00:52,OO05,OOZSJ49IT,OO,3.5
2022-05-17 00:59,NAO10,NAOLY8OZCY,NAO,2.5
2022-05-17 01:03,MO10,MOV86WZS3,MO,2.7
2022-05-17 01:28,EG08,EGVWPVS7H,EG,1.8
2022-05-17 01:44,GE01,GEJA1WJ0T,GE,14.7
2022-05-17 02:10,EG31,KOWKTAKPU,KO,1.4
2022-05-17 02:11,KO05,KOJDP0LVS,KO,1.9
2022-05-17 02:12,NAO16,NAOBMYOFQE,NAO,2.5
2022-05-17 02:31,EG24,EGIGQPKI7,EG,1.4
2022-05-17 02:33,NAO21,NAO5UQPGB7,NAO,2.5
2022-05-17 03:26,NO05,NAOURTP0LZ,NAO,3.25
2022-05-17 03:28,NAO37,AMNT3W5UZ,AM,2.5
2022-05-17 03:44,MO08,KONCXLL4Z,KO,3.15
2022-05-17 03:46,NO04,NOXFGCAQV,NO,3.25
2022-05-17 04:05,EG06,EGVWPVS7H,EG,1.7
2022-05-17 04:07,NAO39,NAOURTP0LZ,NAO,2.5
2022-05-17 04:14,AM05,AMV3A3ZMF,AM,3.6
2022-05-17 04:15,NAO04,MOV86WZS3,MO,2.5
2022-05-17 04:26,NO13,NOXFGCAQV,NO,4.15
2022-05-17 04:44,AM05,AMLJH75LX,AM,3.6
2022-05-17 05:27,NO01,AMNT3W5UZ,AM,3.85
2022-05-17 06:27,KO09,KOJDP0LVS,KO,2.05
2022-05-17 06:35,AM10,AMHJ7XVG0,AM,3.1
2022-05-17 06:36,NAO32,NAOHAFEYUH,NAO,2.5
2022-05-17 06:57,NO06,EGRHOCN9J,EG,3.25
2022-05-17 07:11,EG29,EGC11ERTJ,EG,1.5
2022-05-17 07:16,OO08,OO3KKV9RF,OO,1.9
2022-05-17 08:15,AM06,AMNT3W5UZ,AM,3.6
2022-05-17 08:22,EG21,AMH9SDBDW,AM,1.6
2022-05-17 08:59,NAO25,NAO5ZJA8DZ,NAO,2.5
2022-05-17 09:21,EG30,EGUT0CVS4,EG,1.5
2022-05-17 10:13,NAO18,NAO5ZJA8DZ,NAO,2.5
2022-05-17 10:22,NAO12,NAO09SKDGI,NAO,2.5
2022-05-17 10:33,NO10,NAOP0J43D5,NAO,4.2
2022-05-17 10:34,NAO09,MOJCKJLTE,MO,2.5
2022-05-17 10:58,OO03,OOZSJ49IT,OO,2.4
2022-05-17 11:04,NAO20,NAO5UQPGB7,NAO,2.5
2022-05-17 11:46,NO01,NOE1V2ISQ,NO,3.85
2022-05-17 12:52,AM02,AMHJ7XVG0,AM,2.0
2022-05-17 12:54,EG25,MOV86WZS3,MO,1.8
2022-05-17 13:00,AM05,AMHJ7XVG0,AM,3.6
2022-05-17 14:12,AM04,AMV3A3ZMF,AM,2.2
2022-05-17 14:35,OO08,OOZSJ49IT,OO,1.9
2022-05-17 14:51,EG01,NAO5UQPGB7,NAO,3.0
2022-05-17 14:56,AM01,AMXAJI0Y6,AM,2.0
2022-05-17 15:08,NAO30,EGVWPVS7H,EG,2.5
2022-05-17 15:15,KO05,KOWM31YIH,KO,1.9
2022-05-17 15:23,OO01,EGYTJXEPQ,EG,2.3
2022-05-17 15:25,NO03,NOXFGCAQV,NO,3.25
2022-05-17 15:48,AM05,AMLJH75LX,AM,3.6
2022-05-17 16:18,NAO40,NAOHL1N13J,NAO,2.5
2022-05-17 17:36,AM06,AMXAJI0Y6,AM,3.6
2022-05-17 17:48,NO12,MOV86WZS3,MO,3.35
2022-05-17 18:14,KO10,KOWM31YIH,KO,2.05
2022-05-17 18:30,NO05,NORCBPLJD,NO,3.25
2022-05-17 18:31,OO06,NAOHL1N13J,NAO,3.5
2022-05-17 19:38,KO09,KOJDP0LVS,KO,2.05
2022-05-17 19:47,AM08,OO7PZE9VI,OO,2.8
2022-05-17 19:49,KO04,MOJCKJLTE,MO,2.95
2022-05-17 20:08,EG06,EGC11ERTJ,EG,1.7
2022-05-17 21:19,KO04,KOWKTAKPU,KO,2.95
2022-05-17 21:28,KO01,KOJDP0LVS,KO,3.4
2022-05-17 21:39,EG09,EGIGQPKI7,EG,0.9
2022-05-17 21:46,NAO20,NAO5UQPGB7,NAO,2.5
2022-05-17 22:04,KO02,EGYTJXEPQ,EG,3.4
2022-05-17 22:04,EG06,NAOBMYOFQE,NAO,1.7
2022-05-17 22:06,NO07,NAOP0J43D5,NAO,3.55
2022-05-17 22:13,NAO26,NAOHAFEYUH,NAO,2.5
2022-05-17 22:16,NAO06,NOQLL8OS9,NO,2.5
2022-05-17 22:52,NAO34,NOXFGCAQV,NO,2.5
2022-05-17 23:18,EG12,EGRHOCN9J,EG,0.5
2022-05-17 23:18,AM05,AMH9SDBDW,AM,3.6
2022-05-17 23:19,NO10,NOQLL8OS9,NO,4.2
2022-05-18 00:00,NO10,NOQLL8OS9,NO,4.2
2022-05-18 00:35,KO10,KOWKTAKPU,KO,2.05
2022-05-18 02:06,MO05,MOJCKJLTE,MO,2.6
2022-05-18 02:06,OO06,EG9CHJ755,EG,3.5
2022-05-18 02:27,KO08,KONCXLL4Z,KO,1.85
2022-05-18 02:32,NO14,NO7PTX63C,NO,4.15
2022-05-18 02:36,NAO37,NAOHL1N13J,NAO,2.5
2022-05-18 02:57,NAO26,EGSEIMVIH,EG,2.5
2022-05-18 03:28,AM01,OO7PZE9VI,OO,2.0
2022-05-18 03:42,OO03,EGUT0CVS4,EG,2.4
2022-05-18 03:48,KO05,KOWM31YIH,KO,1.9
2022-05-18 04:41,OO06,NAOHL1N13J,NAO,3.5
2022-05-18 05:16,OO04,OO7PZE9VI,OO,2.4
2022-05-18 05:43,OO03,OOQ0OXFQ8,OO,2.4
2022-05-18 05:57,NO02,NOXFGCAQV,NO,3.85
2022-05-18 06:34,NO10,NOXFGCAQV,NO,4.2
2022-05-18 06:51,OO05,OOZSJ49IT,OO,3.5
2022-05-18 06:55,NAO12,NAOURTP0LZ,NAO,2.5
2022-05-18 07:37,NO10,NOX6GVWRD,NO,4.2
2022-05-18 08:45,OO10,AMLJH75LX,AM,2.5
2022-05-18 09:23,EG26,EG7UR23GD,EG,1.8
2022-05-18 10:14,KO09,KOJDP0LVS,KO,2.05
2022-05-18 10:23,OO07,OOQ0OXFQ8,OO,1.9
2022-05-18 10:26,NAO35,KONCXLL4Z,KO,2.5
2022-05-18 10:43,EG26,EGYTJXEPQ,EG,1.8
2022-05-18 10:54,EG06,EGC11ERTJ,EG,1.7
2022-05-18 11:17,OO03,OOZSJ49IT,OO,2.4
2022-05-18 11:38,MO05,MOJCKJLTE,MO,2.6
2022-05-18 11:52,AM06,AMH9SDBDW,AM,3.6
2022-05-18 12:10,EG21,EGSEIMVIH,EG,1.6
2022-05-18 12:23,OO05,OOZSJ49IT,OO,3.5
2022-05-18 12:26,AM05,AMH9SDBDW,AM,3.6
2022-05-18 12:38,EG28,EGF1T2TAL,EG,1.4
2022-05-18 12:57,AM10,AMV3A3ZMF,AM,3.1
2022-05-18 12:58,OO06,NAOHL1N13J,NAO,3.5
2022-05-18 13:28,NO05,EGVWPVS7H,EG,3.25
2022-05-18 14:09,NAO35,KONCXLL4Z,KO,2.5
2022-05-18 14:10,NO10,NOQLL8OS9,NO,4.2
2022-05-18 14:11,EG33,EGVWPVS7H,EG,2.0
2022-05-18 14:31,OO06,OO3KKV9RF,OO,3.5
2022-05-18 14:54,NAO05,EGUT0CVS4,EG,2.5
2022-05-18 15:01,NAO30,EGVWPVS7H,EG,2.5
2022-05-18 15:08,EG31,EGUT0CVS4,EG,1.4
2022-05-18 15:42,OO03,OO7PZE9VI,OO,2.4
2022-05-18 16:40,NAO16,EGUT0CVS4,EG,2.5
2022-05-18 16:57,NO07,AMV3A3ZMF,AM,3.55
2022-05-18 17:25,GE01,NAOBMYOFQE,NAO,14.7
2022-05-18 18:26,EG04,EGYTJXEPQ,EG,1.2
2022-05-18 18:30,NO07,NOQLL8OS9,NO,3.55
2022-05-18 20:24,NAO38,NAOHAFEYUH,NAO,2.5
2022-05-18 20:53,MO02,OOZSJ49IT,OO,1.35
2022-05-18 20:54,EG02,NAONSM43D8,NAO,3.0
2022-05-18 21:09,NAO01,NAONSM43D8,NAO,2.5
2022-05-18 21:13,NAO39,AMNT3W5UZ,AM,2.5
2022-05-18 21:30,NAO14,NAO5ZJA8DZ,NAO,2.5
2022-05-18 21:34,EG21,EG9CHJ755,EG,1.6
2022-05-18 21:42,MO08,NAOLY8OZCY,NAO,3.15
2022-05-18 22:12,NAO16,NAOBMYOFQE,NAO,2.5
2022-05-18 22:40,NAO16,NAOHL1N13J,NAO,2.5
2022-05-18 22:53,EG21,NAOP0J43D5,NAO,1.6
2022-05-18 23:25,NAO07,AMV3A3ZMF,AM,2.5
2022-05-18 23:27,NO02,NOXFGCAQV,NO,3.85
2022-05-18 23:47,NAO20,NOQLL8OS9,NO,2.5
2022-05-18 23:57,OO07,OO7PZE9VI,OO,1.9
2022-05-19 00:20,AM03,AMH9SDBDW,AM,2.2
2022-05-19 00:21,AM09,OO3KKV9RF,OO,3.1
2022-05-19 00:39,AM06,AMNT3W5UZ,AM,3.6
2022-05-19 01:00,OO01,OO3KKV9RF,OO,2.3
2022-05-19 01:47,EG29,EGF1T2TAL,EG,1.5
2022-05-19 01:51,KO04,KOIXA11DP,KO,2.95
2022-05-19 01:53,EG10,EGF1T2TAL,EG,0.9
2022-05-19 02:08,NAO07,NAO5ZJA8DZ,NAO,2.5
2022-05-19 02:32,EG10,EGF1T2TAL,EG,0.9
2022-05-19 02:40,NO05,OO1B0Z3NX,OO,3.25
2022-05-19 03:30,NO09,NAOHL1N13J,NAO,4.2
2022-05-19 03:33,NO02,NOXFGCAQV,NO,3.85
2022-05-19 03:49,KO01,KOJDP0LVS,KO,3.4
2022-05-19 04:19,AM10,GEX7EEDTJ,GE,3.1
2022-05-19 04:27,EG36,EGC11ERTJ,EG,1.0
2022-05-19 04:38,OO07,OOQ0OXFQ8,OO,1.9
2022-05-19 04:50,EG26,EGYTJXEPQ,EG,1.8
2022-05-19 05:25,AM05,AMV3A3ZMF,AM,3.6
2022-05-19 06:32,OO04,OO3KKV9RF,OO,2.4
2022-05-19 06:36,EG31,EGC11ERTJ,EG,1.4
2022-05-19 06:38,EG10,EGIGQPKI7,EG,0.9
2022-05-19 07:33,EG19,EG9CHJ755,EG,1.4
2022-05-19 07:41,OO02,NAOURTP0LZ,NAO,2.3
2022-05-19 07:41,MO05,MOJCKJLTE,MO,2.6
2022-05-19 07:42,AM02,AMXAJI0Y6,AM,2.0
2022-05-19 07:44,EG29,EGSEIMVIH,EG,1.5
2022-05-19 08:42,AM04,AMV3A3ZMF,AM,2.2
2022-05-19 08:45,NAO30,NAO5ZJA8DZ,NAO,2.5
2022-05-19 10:51,NAO23,NAOHL1N13J,NAO,2.5
2022-05-19 11:06,NO01,NO7PTX63C,NO,3.85
2022-05-19 11:07,AM06,AMXAJI0Y6,AM,3.6
2022-05-19 12:06,AM08,AMLJH75LX,AM,2.8
2022-05-19 12:16,EG10,EGYTJXEPQ,EG,0.9
2022-05-19 12:28,NAO03,NAOLY8OZCY,NAO,2.5
2022-05-19 12:30,NAO06,NAOP0J43D5,NAO,2.5
2022-05-19 12:32,AM08,OO7PZE9VI,OO,2.8
2022-05-19 12:56,KO03,NAOBMYOFQE,NAO,2.95
2022-05-19 13:09,KO09,KOJDP0LVS,KO,2.05
2022-05-19 13:48,OO08,OO7PZE9VI,OO,1.9
2022-05-19 14:36,GE02,AMNT3W5UZ,AM,14.7
2022-05-19 14:40,EG10,NAO09SKDGI,NAO,0.9
2022-05-19 14:47,OO02,OO1B0Z3NX,OO,2.3
2022-05-19 16:32,KO08,KOWM31YIH,KO,1.85
2022-05-19 16:33,EG31,EGUT0CVS4,EG,1.4
2022-05-19 16:53,NAO28,NAONSM43D8,NAO,2.5
2022-05-19 17:21,EG12,EGC11ERTJ,EG,0.5
2022-05-19 18:13,NAO30,EGUT0CVS4,EG,2.5
2022-05-19 18:13,MO06,MOV86WZS3,MO,2.6
2022-05-19 18:17,AM02,AMHJ7XVG0,AM,2.0
2022-05-19 18:32,NAO40,NAOHL1N13J,NAO,2.5
2022-05-19 18:36,KO03,OO1B0Z3NX,OO,2.95
2022-05-19 18:38,MO02,MOV86WZS3,MO,1.35
2022-05-19 19:04,AM03,EGC11ERTJ,EG,2.2
2022-05-19 19:16,AM08,NOE1V2ISQ,NO,2.8
2022-05-19 19:20,AM01,AMLJH75LX,AM,2.0
2022-05-19 19:26,AM03,AMLJH75LX,AM,2.2
2022-05-19 20:46,OO09,KOWM31YIH,KO,2.5
2022-05-19 21:00,MO05,NAOP0J43D5,NAO,2.6
2022-05-19 21:09,EG36,OO1B0Z3NX,OO,1.0
2022-05-19 21:09,EG09,NAOP0J43D5,NAO,0.9
2022-05-19 21:23,NAO35,NAO5ZJA8DZ,NAO,2.5
2022-05-19 22:12,NAO11,EGSEIMVIH,EG,2.5
2022-05-19 22:56,EG37,EGRHOCN9J,EG,1.4
2022-05-19 23:07,EG36,NAONSM43D8,NAO,1.0
2022-05-19 23:36,EG10,EG9CHJ755,EG,0.9
2022-05-19 23:51,NO10,NOX6GVWRD,NO,4.2
2022-05-19 23:56,NAO26,NAOHAFEYUH,NAO,2.5
2022-05-20 00:00,EG24,EGSEIMVIH,EG,1.4
2022-05-20 00:13,NAO07,NAO09SKDGI,NAO,2.5
2022-05-20 00:16,EG34,EGVWPVS7H,EG,2.0
2022-05-20 00:30,NO05,OO1B0Z3NX,OO,3.25
2022-05-20 00:39,KO05,KOWKTAKPU,KO,1.9
2022-05-20 00:42,OO05,OO3KKV9RF,OO,3.5
2022-05-20 00:50,NAO12,NAO5UQPGB7,NAO,2.5
2022-05-20 01:05,KO01,KOWKTAKPU,KO,3.4
2022-05-20 01:05,EG15,EGVWPVS7H,EG,1.2
2022-05-20 01:29,OO06,OO7PZE9VI,OO,3.5
2022-05-20 01:51,EG26,KOWM31YIH,KO,1.8
2022-05-20 02:01,NAO06,NAOP0J43D5,NAO,2.5
2022-05-20 02:09,NAO12,AMXAJI0Y6,AM,2.5
2022-05-20 02:43,EG10,EGF1T2TAL,EG,0.9
2022-05-20 02:47,NO10,NOXFGCAQV,NO,4.2
2022-05-20 03:32,NAO24,NAO5ZJA8DZ,NAO,2.5
2022-05-20 03:53,KO04,KOWKTAKPU,KO,2.95
2022-05-20 04:24,EG37,EGIGQPKI7,EG,1.4
2022-05-20 04:27,MO09,AMV3A3ZMF,AM,2.7
2022-05-20 04:31,NAO29,NAONSM43D8,NAO,2.5
2022-05-20 04:43,NAO07,NAO5ZJA8DZ,NAO,2.5
2022-05-20 05:44,AM09,NOQLL8OS9,NO,3.1
2022-05-20 05:53,EG36,MOV86WZS3,MO,1.0
2022-05-20 06:19,EG31,KOWKTAKPU,KO,1.4
2022-05-20 06:57,OO10,OOZSJ49IT,OO,2.5
2022-05-20 07:22,AM01,AMLJH75LX,AM,2.0
2022-05-20 08:10,EG19,KONCXLL4Z,KO,1.4
2022-05-20 08:14,NAO32,NAOHAFEYUH,NAO,2.5
2022-05-20 08:30,AM01,NOE1V2ISQ,NO,2.0
2022-05-20 08:32,KO10,KOJDP0LVS,KO,2.05
2022-05-20 09:04,MO08,MOV86WZS3,MO,3.15
2022-05-20 09:07,EG23,NAOURTP0LZ,NAO,1.4
2022-05-20 09:25,NAO21,NAO5ZJA8DZ,NAO,2.5
2022-05-20 09:38,KO03,KOWKTAKPU,KO,2.95
2022-05-20 09:40,OO05,AMHJ7XVG0,AM,3.5
2022-05-20 10:19,OO06,MOJCKJLTE,MO,3.5
2022-05-20 10:51,NAO21,EGC11ERTJ,EG,2.5
2022-05-20 11:03,KO05,KOWM31YIH,KO,1.9
2022-05-20 11:09,OO08,OOQ0OXFQ8,OO,1.9
2022-05-20 12:24,NO10,KOIXA11DP,KO,4.2
2022-05-20 12:35,AM01,NOE1V2ISQ,NO,2.0
2022-05-20 13:01,NAO17,OO1B0Z3NX,OO,2.5
2022-05-20 13:05,NO12,NOX6GVWRD,NO,3.35
2022-05-20 13:09,AM02,AMXAJI0Y6,AM,2.0
2022-05-20 13:29,OO10,OO1B0Z3NX,OO,2.5
2022-05-20 14:10,NAO15,NAO09SKDGI,NAO,2.5
2022-05-20 14:54,MO03,MOV86WZS3,MO,2.1
2022-05-20 15:06,NAO05,NAO5ZJA8DZ,NAO,2.5
2022-05-20 15:10,EG31,OOQ0OXFQ8,OO,1.4
2022-05-20 15:14,EG03,EGUT0CVS4,EG,1.2
2022-05-20 15:20,NO12,NOQLL8OS9,NO,3.35
2022-05-20 16:22,GE02,OO3KKV9RF,OO,14.7
2022-05-20 17:35,NAO08,NAOURTP0LZ,NAO,2.5
2022-05-20 17:43,NAO32,NAO5UQPGB7,NAO,2.5
2022-05-20 17:47,KO05,EGC11ERTJ,EG,1.9
2022-05-20 17:58,AM10,EGRHOCN9J,EG,3.1
2022-05-20 18:03,EG11,OO1B0Z3NX,OO,0.5
2022-05-20 18:14,NAO23,NAOHL1N13J,NAO,2.5
2022-05-20 18:15,NAO41,NAOHL1N13J,NAO,2.5
2022-05-20 18:42,EG07,EGSEIMVIH,EG,1.8
2022-05-20 18:56,NO08,NOQLL8OS9,NO,3.55
2022-05-20 20:22,NAO30,NAO5ZJA8DZ,NAO,2.5
2022-05-20 20:24,EG02,EGVWPVS7H,EG,3.0
2022-05-20 21:09,OO03,OO1B0Z3NX,OO,2.4
2022-05-20 21:13,AM02,AMH9SDBDW,AM,2.0
2022-05-20 21:23,NAO24,NORCBPLJD,NO,2.5
2022-05-20 21:30,NAO27,OOQ0OXFQ8,OO,2.5
2022-05-20 21:37,NO10,NAOURTP0LZ,NAO,4.2
2022-05-20 21:41,NAO07,AMV3A3ZMF,AM,2.5
2022-05-20 22:12,NO05,NORCBPLJD,NO,3.25
2022-05-20 22:15,NAO04,MOV86WZS3,MO,2.5
2022-05-20 22:55,EG06,EGC11ERTJ,EG,1.7
2022-05-20 23:21,OO05,OOZSJ49IT,OO,3.5
2022-05-20 23:42,AM07,AMV3A3ZMF,AM,2.8
2022-05-21 00:04,KO04,KOIXA11DP,KO,2.95
2022-05-21 00:26,NO14,NORCBPLJD,NO,4.15
2022-05-21 00:59,KO10,NO7PTX63C,NO,2.05
2022-05-21 01:26,AM02,AMHJ7XVG0,AM,2.0
2022-05-21 01:32,GE01,GEJA1WJ0T,GE,14.7
2022-05-21 01:41,EG16,NAO09SKDGI,NAO,1.2
2022-05-21 01:43,EG36,EGUT0CVS4,EG,1.0
2022-05-21 03:07,NAO11,EGSEIMVIH,EG,2.5
2022-05-21 03:47,MO02,OOZSJ49IT,OO,1.35
2022-05-21 04:04,AM03,AMNT3W5UZ,AM,2.2
2022-05-21 04:17,OO08,AMNT3W5UZ,AM,1.9
2022-05-21 04:48,OO07,NAOLY8OZCY,NAO,1.9
2022-05-21 04:53,OO09,OO3KKV9RF,OO,2.5
2022-05-21 05:03,NAO01,NAOP0J43D5,NAO,2.5
2022-05-21 05:22,NO10,NOQLL8OS9,NO,4.2
2022-05-21 05:31,OO03,OO3KKV9RF,OO,2.4
2022-05-21 06:18,AM09,NOQLL8OS9,NO,3.1
2022-05-21 06:41,KO05,EGVWPVS7H,EG,1.9
2022-05-21 07:08,NAO34,NAOURTP0LZ,NAO,2.5
2022-05-21 08:16,NO03,NORCBPLJD,NO,3.25
2022-05-21 09:03,NAO08,NAOHL1N13J,NAO,2.5
2022-05-21 09:10,EG19,EGYTJXEPQ,EG,1.4
2022-05-21 09:16,OO10,OOZSJ49IT,OO,2.5
2022-05-21 09:27,EG10,EGVWPVS7H,EG,0.9
2022-05-21 09:52,MO05,MOV86WZS3,MO,2.6
2022-05-21 10:56,AM01,NAOP0J43D5,NAO,2.0
2022-05-21 11:43,NO10,KOWKTAKPU,KO,4.2
2022-05-21 11:56,AM07,NAO5UQPGB7,NAO,2.8
2022-05-21 12:33,NO06,NOX6GVWRD,NO,3.25
2022-05-21 12:45,NAO12,NAOHL1N13J,NAO,2.5
2022-05-21 12:52,OO05,AMHJ7XVG0,AM,3.5
2022-05-21 13:29,NO10,NOQLL8OS9,NO,4.2
2022-05-21 14:18,NO09,NORCBPLJD,NO,4.2
2022-05-21 15:02,NAO10,AMV3A3ZMF,AM,2.5
2022-05-21 15:44,NAO32,NAO09SKDGI,NAO,2.5
2022-05-21 16:27,NAO29,OOZSJ49IT,OO,2.5
2022-05-21 16:59,NO09,EGRHOCN9J,EG,4.2
2022-05-21 17:00,AM05,AMXAJI0Y6,AM,3.6
2022-05-21 17:05,EG26,NOE1V2ISQ,NO,1.8
2022-05-21 17:16,EG22,EGRHOCN9J,EG,1.6
2022-05-21 17:48,OO06,OOQ0OXFQ8,OO,3.5
2022-05-21 17:51,OO04,OO3KKV9RF,OO,2.4
2022-05-21 17:57,NAO03,NAOURTP0LZ,NAO,2.5
2022-05-21 18:11,NO14,NOXFGCAQV,NO,4.15
2022-05-21 18:26,NAO16,NAOBMYOFQE,NAO,2.5
2022-05-21 18:47,MO06,MOJCKJLTE,MO,2.6
2022-05-21 18:58,NAO21,NAO5ZJA8DZ,NAO,2.5
2022-05-21 19:11,MO07,KOIXA11DP,KO,3.15
2022-05-21 19:45,AM06,AMXAJI0Y6,AM,3.6
2022-05-21 20:14,NAO37,NAOBMYOFQE,NAO,2.5
2022-05-21 20:43,NO04,NOQLL8OS9,NO,3.25
2022-05-21 22:02,EG02,EGUT0CVS4,EG,3.0
2022-05-21 23:24,EG19,EGYTJXEPQ,EG,1.4
2022-05-21 23:27,KO05,KOWM31YIH,KO,1.9
2022-05-22 00:21,AM01,NOE1V2ISQ,NO,2.0
2022-05-22 00:25,OO05,OOZSJ49IT,OO,3.5
2022-05-22 00:31,NAO13,NAOP0J43D5,NAO,2.5
2022-05-22 00:53,NAO33,NAOURTP0LZ,NAO,2.5
2022-05-22 01:19,EG37,EGRHOCN9J,EG,1.4
2022-05-22 01:55,MO02,OOZSJ49IT,OO,1.35
2022-05-22 01:55,OO07,NAONSM43D8,NAO,1.9
2022-05-22 02:27,OO08,OOZSJ49IT,OO,1.9
2022-05-22 02:28,AM10,EGRHOCN9J,EG,3.1
2022-05-22 03:09,AM08,KOIXA11DP,KO,2.8
2022-05-22 03:46,EG06,OOQ0OXFQ8,OO,1.7
2022-05-22 04:06,OO04,OO7PZE9VI,OO,2.4
2022-05-22 04:19,KO07,KOJDP0LVS,KO,1.85
2022-05-22 04:27,AM07,AMV3A3ZMF,AM,2.8
2022-05-22 04:58,AM08,EGYTJXEPQ,EG,2.8
2022-05-22 05:02,NO11,NAOBMYOFQE,NAO,3.35
2022-05-22 05:56,NAO09,NOX6GVWRD,NO,2.5
2022-05-22 06:16,NAO21,NAOHL1N13J,NAO,2.5
2022-05-22 06:28,NAO11,NAO5UQPGB7,NAO,2.5
2022-05-22 06:31,AM02,AMXAJI0Y6,AM,2.0
2022-05-22 06:37,NAO30,EGVWPVS7H,EG,2.5
2022-05-22 06:39,GE02,GEX7EEDTJ,GE,14.7
2022-05-22 07:20,NAO07,NAO5ZJA8DZ,NAO,2.5
2022-05-22 07:20,OO09,OO3KKV9RF,OO,2.5
2022-05-22 07:51,EG37,EGSEIMVIH,EG,1.4
2022-05-22 07:51,OO05,EG9CHJ755,EG,3.5
2022-05-22 07:58,KO09,KOWM31YIH,KO,2.05
2022-05-22 08:29,EG14,AMH9SDBDW,AM,1.2
2022-05-22 08:36,EG36,MOJCKJLTE,MO,1.0
2022-05-22 08:42,MO05,MOJCKJLTE,MO,2.6
2022-05-22 08:51,NO10,NOQLL8OS9,NO,4.2
2022-05-22 09:12,NAO37,NAO09SKDGI,NAO,2.5
2022-05-22 10:30,OO10,OOQ0OXFQ8,OO,2.5
2022-05-22 10:47,NAO39,EGIGQPKI7,EG,2.5
2022-05-22 10:58,NO09,NAOHL1N13J,NAO,4.2
2022-05-22 11:00,EG21,EGYTJXEPQ,EG,1.6
2022-05-22 11:12,KO10,KONCXLL4Z,KO,2.05
2022-05-22 11:19,MO08,NAOLY8OZCY,NAO,3.15
2022-05-22 11:25,AM10,EGRHOCN9J,EG,3.1
2022-05-22 11:28,AM02,NOQLL8OS9,NO,2.0
2022-05-22 11:34,KO07,EGC11ERTJ,EG,1.85
2022-05-22 11:51,OO03,EGUT0CVS4,EG,2.4
2022-05-22 11:57,OO07,OOQ0OXFQ8,OO,1.9
2022-05-22 12:25,NAO39,AMXAJI0Y6,AM,2.5
2022-05-22 12:33,NO05,EGVWPVS7H,EG,3.25
2022-05-22 12:36,EG29,EGF1T2TAL,EG,1.5
2022-05-22 13:34,EG32,NAOBMYOFQE,NAO,1.4
2022-05-22 14:13,KO09,KOWM31YIH,KO,2.05
2022-05-22 14:34,KO09,KOJDP0LVS,KO,2.05
2022-05-22 15:03,NAO09,EGRHOCN9J,EG,2.5
2022-05-22 15:14,NAO09,NAO5UQPGB7,NAO,2.5
2022-05-22 15:27,KO05,KONCXLL4Z,KO,1.9
2022-05-22 15:28,EG21,NAOP0J43D5,NAO,1.6
2022-05-22 15:44,EG15,EGUT0CVS4,EG,1.2
2022-05-22 15:48,EG15,AMHJ7XVG0,AM,1.2
2022-05-22 15:50,NO07,NOQLL8OS9,NO,3.55
2022-05-22 16:16,MO06,MOJCKJLTE,MO,2.6
2022-05-22 17:16,KO04,NAOURTP0LZ,NAO,2.95
2022-05-22 18:03,EG03,EGUT0CVS4,EG,1.2
2022-05-22 18:33,AM01,AMHJ7XVG0,AM,2.0
2022-05-22 18:39,AM01,AMNT3W5UZ,AM,2.0
2022-05-22 18:44,EG21,EGF1T2TAL,EG,1.6
2022-05-22 18:50,EG34,EGUT0CVS4,EG,2.0
2022-05-22 18:57,OO04,NOXFGCAQV,NO,2.4
2022-05-22 19:18,OO01,OOZSJ49IT,OO,2.3
2022-05-22 19:42,MO02,MOV86WZS3,MO,1.35
2022-05-22 20:28,EG38,EG7UR23GD,EG,1.4
2022-05-22 20:50,NAO06,NOQLL8OS9,NO,2.5
2022-05-22 21:06,NO12,MOV86WZS3,MO,3.35
2022-05-22 21:16,NAO15,OO3KKV9RF,OO,2.5
2022-05-22 21:41,NAO01,NAONSM43D8,NAO,2.5
2022-05-22 21:57,NAO04,NAOP0J43D5,NAO,2.5
2022-05-22 22:01,EG10,EGSEIMVIH,EG,0.9
2022-05-22 22:08,OO03,EGUT0CVS4,EG,2.4
2022-05-22 23:01,EG37,NOE1V2ISQ,NO,1.4
2022-05-22 23:40,MO04,MOJCKJLTE,MO,2.1
2022-05-23 00:51,AM05,AMH9SDBDW,AM,3.6
2022-05-23 00:54,EG37,EGIGQPKI7,EG,1.4
2022-05-23 01:17,EG21,EGYTJXEPQ,EG,1.6
2022-05-23 01:25,NAO12,NAOURTP0LZ,NAO,2.5
2022-05-23 01:31,MO09,MOV86WZS3,MO,2.7
2022-05-23 01:38,KO01,NOXFGCAQV,NO,3.4
2022-05-23 01:52,NAO16,EGUT0CVS4,EG,2.5
2022-05-23 02:16,EG30,EG7UR23GD,EG,1.5
2022-05-23 02:40,EG05,EGIGQPKI7,EG,1.7
2022-05-23 02:45,EG26,NOE1V2ISQ,NO,1.8
2022-05-23 03:53,OO04,OOQ0OXFQ8,OO,2.4
2022-05-23 04:05,NO01,NORCBPLJD,NO,3.85
2022-05-23 04:24,KO02,NAOLY8OZCY,NAO,3.4
2022-05-23 04:35,NAO19,NOXFGCAQV,NO,2.5
2022-05-23 04:42,KO01,OO3KKV9RF,OO,3.4
2022-05-23 04:58,MO05,NAOP0J43D5,NAO,2.6
2022-05-23 05:17,OO03,EGUT0CVS4,EG,2.4
2022-05-23 05:20,AM02,NOQLL8OS9,NO,2.0
2022-05-23 06:05,MO03,MOJCKJLTE,MO,2.1
2022-05-23 06:15,KO08,KONCXLL4Z,KO,1.85
2022-05-23 06:19,KO04,NOE1V2ISQ,NO,2.95
2022-05-23 06:21,NAO34,NOXFGCAQV,NO,2.5
2022-05-23 07:34,NAO19,EGYTJXEPQ,EG,2.5
2022-05-23 07:42,NO07,NAOP0J43D5,NAO,3.55
2022-05-23 08:20,AM01,AMHJ7XVG0,AM,2.0
2022-05-23 08:26,OO01,OO7PZE9VI,OO,2.3
2022-05-23 08:30,KO07,NAOP0J43D5,NAO,1.85
2022-05-23 08:56,NO14,NO7PTX63C,NO,4.15
2022-05-23 09:07,KO09,KONCXLL4Z,KO,2.05
2022-05-23 09:20,AM08,AMHJ7XVG0,AM,2.8
2022-05-23 09:39,NAO24,NAONSM43D8,NAO,2.5
2022-05-23 10:24,AM09,OO3KKV9RF,OO,3.1
2022-05-23 10:29,EG18,NAOBMYOFQE,NAO,2.1
2022-05-23 10:52,NO11,NOXFGCAQV,NO,3.35
2022-05-23 10:55,NO02,NOXFGCAQV,NO,3.85
2022-05-23 11:01,EG37,NOE1V2ISQ,NO,1.4
2022-05-23 11:53,NO11,NOXFGCAQV,NO,3.35
2022-05-23 12:04,NO07,NAO09SKDGI,NAO,3.55
2022-05-23 12:20,NO14,EG9CHJ755,EG,4.15
2022-05-23 12:42,EG24,EGF1T2TAL,EG,1.4
2022-05-23 12:43,KO07,NAOP0J43D5,NAO,1.85
2022-05-23 12:55,EG14,KOWKTAKPU,KO,1.2
2022-05-23 13:44,KO07,NAOURTP0LZ,NAO,1.85
2022-05-23 13:58,EG21,NAOP0J43D5,NAO,1.6
2022-05-23 14:28,EG38,EG7UR23GD,EG,1.4
2022-05-23 15:00,EG24,EGVWPVS7H,EG,1.4
2022-05-23 15:03,GE02,GEX7EEDTJ,GE,14.7
2022-05-23 15:27,AM05,AMHJ7XVG0,AM,3.6
2022-05-23 15:35,AM05,AMLJH75LX,AM,3.6
2022-05-23 17:31,NAO36,EGVWPVS7H,EG,2.5
2022-05-23 17:36,EG21,NORCBPLJD,NO,1.6
2022-05-23 17:44,EG21,EGSEIMVIH,EG,1.6
2022-05-23 18:29,NAO16,EGIGQPKI7,EG,2.5
2022-05-23 18:38,NAO11,NAO09SKDGI,NAO,2.5
2022-05-23 19:02,KO04,NAOURTP0LZ,NAO,2.95
2022-05-23 19:04,EG06,EGC11ERTJ,EG,1.7
2022-05-23 19:06,OO02,NAOLY8OZCY,NAO,2.3
2022-05-23 19:16,KO04,MOJCKJLTE,MO,2.95
2022-05-23 19:41,OO01,OOZSJ49IT,OO,2.3
2022-05-23 19:51,NO01,NOE1V2ISQ,NO,3.85
2022-05-23 20:23,AM07,OO1B0Z3NX,OO,2.8
2022-05-23 20:45,OO10,OOQ0OXFQ8,OO,2.5
2022-05-23 21:12,NO10,NAOVZ41NAM,NAO,4.2
2022-05-23 21:20,AM06,AMH9SDBDW,AM,3.6
2022-05-23 21:34,AM08,AMXAJI0Y6,AM,2.8
2022-05-23 21:45,EG06,EGVWPVS7H,EG,1.7
2022-05-23 21:50,NO12,NOQLL8OS9,NO,3.35
2022-05-23 22:22,NAO03,NAOLY8OZCY,NAO,2.5
2022-05-23 22:43,NAO22,NAOVZ41NAM,NAO,2.5
2022-05-23 23:01,EG35,NAOP0J43D5,NAO,1.0
2022-05-24 00:31,NAO39,EGIGQPKI7,EG,2.5
2022-05-24 01:02,KO02,KOIXA11DP,KO,3.4
2022-05-24 01:08,KO02,AMHJ7XVG0,AM,3.4
2022-05-24 01:53,EG16,NAO09SKDGI,NAO,1.2
2022-05-24 03:40,NAO24,NAO5ZJA8DZ,NAO,2.5
2022-05-24 03:45,KO10,KONCXLL4Z,KO,2.05
2022-05-24 04:16,NAO05,KONCXLL4Z,KO,2.5
2022-05-24 04:47,NO01,NOE1V2ISQ,NO,3.85
2022-05-24 04:48,KO09,EGIGQPKI7,EG,2.05
2022-05-24 04:52,EG09,AMXAJI0Y6,AM,0.9
2022-05-24 04:56,KO10,KONCXLL4Z,KO,2.05
2022-05-24 05:15,NAO09,NAO5UQPGB7,NAO,2.5
2022-05-24 05:15,OO04,OOZSJ49IT,OO,2.4
2022-05-24 05:19,OO01,OOZSJ49IT,OO,2.3
2022-05-24 05:30,NO06,EGRHOCN9J,EG,3.25
2022-05-24 06:02,AM06,AMXAJI0Y6,AM,3.6
2022-05-24 06:51,KO03,KONCXLL4Z,KO,2.95
2022-05-24 06:57,NO02,NORCBPLJD,NO,3.85
2022-05-24 06:58,NAO09,NAOP0J43D5,NAO,2.5
2022-05-24 07:05,KO03,KONCXLL4Z,KO,2.95
2022-05-24 07:14,OO04,OOZSJ49IT,OO,2.4
2022-05-24 07:31,EG21,EGSEIMVIH,EG,1.6
2022-05-24 07:51,KO02,EG9CHJ755,EG,3.4
2022-05-24 07:57,MO06,MOV86WZS3,MO,2.6
2022-05-24 07:58,NAO06,NAO5UQPGB7,NAO,2.5
2022-05-24 08:13,EG11,OO1B0Z3NX,OO,0.5
2022-05-24 08:17,GE01,GEX7EEDTJ,GE,14.7
2022-05-24 08:22,EG29,EG7UR23GD,EG,1.5
2022-05-24 09:07,NO05,NOX6GVWRD,NO,3.25
2022-05-24 09:12,NO01,NOXFGCAQV,NO,3.85
2022-05-24 09:34,KO08,KOJDP0LVS,KO,1.85
2022-05-24 09:58,EG31,EGC11ERTJ,EG,1.4
2022-05-24 10:29,AM02,AMH9SDBDW,AM,2.0
2022-05-24 10:41,EG12,EGC11ERTJ,EG,0.5
2022-05-24 10:56,NO01,NAOVZ41NAM,NAO,3.85
2022-05-24 11:35,NAO24,NORCBPLJD,NO,2.5
2022-05-24 11:50,GE02,AMNT3W5UZ,AM,14.7
2022-05-24 11:55,NAO29,NO7PTX63C,NO,2.5
2022-05-24 13:47,AM06,AMXAJI0Y6,AM,3.6
2022-05-24 14:13,NAO10,NAO5UQPGB7,NAO,2.5
2022-05-24 14:22,NAO04,NAOP0J43D5,NAO,2.5
2022-05-24 15:13,AM01,NAO5UQPGB7,NAO,2.0
2022-05-24 15:38,EG31,OOQ0OXFQ8,OO,1.4
2022-05-24 16:03,AM05,AMV3A3ZMF,AM,3.6
2022-05-24 16:04,EG06,EGIGQPKI7,EG,1.7
2022-05-24 16:11,NO14,NO7PTX63C,NO,4.15
2022-05-24 16:42,OO02,NOQLL8OS9,NO,2.3
2022-05-24 16:49,NAO08,NAO5ZJA8DZ,NAO,2.5
2022-05-24 17:01,NAO09,NAO09SKDGI,NAO,2.5
2022-05-24 17:09,EG33,EGIGQPKI7,EG,2.0
2022-05-24 17:45,NAO03,NAOLY8OZCY,NAO,2.5
2022-05-24 17:53,AM05,NAOURTP0LZ,NAO,3.6
2022-05-24 18:01,EG30,EG7UR23GD,EG,1.5
2022-05-24 19:35,EG06,KOWKTAKPU,KO,1.7
2022-05-24 19:39,NAO27,NAO5UQPGB7,NAO,2.5
2022-05-24 19:50,EG08,EGVWPVS7H,EG,1.8
2022-05-24 19:56,KO06,KONCXLL4Z,KO,1.9
2022-05-24 20:10,NO13,NOXFGCAQV,NO,4.15
2022-05-24 20:11,AM07,AMLJH75LX,AM,2.8
2022-05-24 20:34,KO05,KOWM31YIH,KO,1.9
2022-05-24 21:01,AM06,AMHJ7XVG0,AM,3.6
2022-05-24 21:16,NAO26,NAOHAFEYUH,NAO,2.5
2022-05-24 22:33,KO06,KONCXLL4Z,KO,1.9
2022-05-24 23:14,EG12,EGSEIMVIH,EG,0.5
2022-05-24 23:51,MO08,MOV86WZS3,MO,3.15
2022-05-24 23:52,NAO03,EGF1T2TAL,EG,2.5
2022-05-24 23:56,MO05,MOV86WZS3,MO,2.6
2022-05-25 00:59,EG11,OO1B0Z3NX,OO,0.5
2022-05-25 01:19,NAO32,NORCBPLJD,NO,2.5
2022-05-25 01:25,EG38,GEL6246HI,GE,1.4
2022-05-25 01:41,OO09,EGVWPVS7H,EG,2.5
2022-05-25 02:13,EG03,EGC11ERTJ,EG,1.2
2022-05-25 03:06,KO06,KONCXLL4Z,KO,1.9
2022-05-25 03:11,NAO03,EG9CHJ755,EG,2.5
2022-05-25 03:29,NO14,OO1B0Z3NX,OO,4.15
2022-05-25 03:59,EG05,EGIGQPKI7,EG,1.7
2022-05-25 04:16,EG15,NOXFGCAQV,NO,1.2
2022-05-25 04:24,NAO36,AMHJ7XVG0,AM,2.5
2022-05-25 04:35,NAO18,NAOBMYOFQE,NAO,2.5
2022-05-25 04:38,NAO29,OOZSJ49IT,OO,2.5
2022-05-25 04:38,KO03,KONCXLL4Z,KO,2.95
2022-05-25 04:41,NAO40,EGRHOCN9J,EG,2.5
2022-05-25 04:48,NAO30,NAONSM43D8,NAO,2.5
2022-05-25 05:11,EG03,EG7UR23GD,EG,1.2
2022-05-25 05:15,EG09,NAOP0J43D5,NAO,0.9
2022-05-25 05:48,NAO06,NAO5UQPGB7,NAO,2.5
2022-05-25 06:00,NO04,EGVWPVS7H,EG,3.25
2022-05-25 06:01,NAO22,NAO5ZJA8DZ,NAO,2.5
2022-05-25 06:16,NO13,NO7PTX63C,NO,4.15
2022-05-25 06:24,NAO03,NAOLY8OZCY,NAO,2.5
2022-05-25 07:15,EG25,EGUT0CVS4,EG,1.8
2022-05-25 07:32,AM08,AMHJ7XVG0,AM,2.8
2022-05-25 08:17,EG14,NAOHAFEYUH,NAO,1.2
2022-05-25 08:19,EG24,EGVWPVS7H,EG,1.4
2022-05-25 08:27,EG33,EGF1T2TAL,EG,2.0
2022-05-25 08:47,NAO09,MOJCKJLTE,MO,2.5
2022-05-25 08:48,EG02,EGIGQPKI7,EG,3.0
2022-05-25 09:22,AM05,AMH9SDBDW,AM,3.6
2022-05-25 09:34,OO10,OOZSJ49IT,OO,2.5
2022-05-25 09:58,AM10,AMXAJI0Y6,AM,3.1
2022-05-25 10:11,NAO39,NAOURTP0LZ,NAO,2.5
2022-05-25 10:14,AM05,AMV3A3ZMF,AM,3.6
2022-05-25 11:23,MO03,MOV86WZS3,MO,2.1
2022-05-25 11:39,NO01,NORCBPLJD,NO,3.85
2022-05-25 12:20,KO02,KOIXA11DP,KO,3.4
2022-05-25 13:02,EG02,EGIGQPKI7,EG,3.0
2022-05-25 13:35,KO01,KONCXLL4Z,KO,3.4
2022-05-25 13:45,NAO33,NAOURTP0LZ,NAO,2.5
2022-05-25 14:38,NAO41,EGUT0CVS4,EG,2.5
2022-05-25 14:42,EG02,NAONSM43D8,NAO,3.0
2022-05-25 14:43,NO04,MOV86WZS3,MO,3.25
2022-05-25 14:55,EG36,MOJCKJLTE,MO,1.0
2022-05-25 15:18,MO10,MOV86WZS3,MO,2.7
2022-05-25 15:46,NAO09,NAONSM43D8,NAO,2.5
2022-05-25 16:02,NAO26,NAOHAFEYUH,NAO,2.5
2022-05-25 16:25,EG07,EGUT0CVS4,EG,1.8
2022-05-25 18:02,MO05,MOJCKJLTE,MO,2.6
2022-05-25 18:25,NAO39,NAOLY8OZCY,NAO,2.5
2022-05-25 18:50,AM01,AMNT3W5UZ,AM,2.0
2022-05-25 19:18,NO03,NOE1V2ISQ,NO,3.25
2022-05-25 20:24,AM06,EGVWPVS7H,EG,3.6
2022-05-25 20:25,OO06,OOQ0OXFQ8,OO,3.5
2022-05-25 20:57,AM03,EGC11ERTJ,EG,2.2
2022-05-25 20:57,EG17,KOWM31YIH,KO,2.1
2022-05-25 21:15,NO08,NOQLL8OS9,NO,3.55
2022-05-25 21:36,NAO28,NAOHAFEYUH,NAO,2.5
2022-05-25 21:40,EG38,AMLJH75LX,AM,1.4
2022-05-25 22:15,KO07,KONCXLL4Z,KO,1.85
2022-05-25 22:19,NAO04,OOQ0OXFQ8,OO,2.5
2022-05-25 22:27,NAO10,NAOLY8OZCY,NAO,2.5
2022-05-25 22:48,AM06,EGVWPVS7H,EG,3.6
2022-05-25 22:58,EG29,EGC11ERTJ,EG,1.5
2022-05-25 23:17,OO07,OO3KKV9RF,OO,1.9
2022-05-25 23:28,EG05,EGIGQPKI7,EG,1.7
2022-05-25 23:39,EG06,NO7PTX63C,NO,1.7
2022-05-26 00:24,KO06,NORCBPLJD,NO,1.9
2022-05-26 00:25,MO02,OOZSJ49IT,OO,1.35
2022-05-26 00:44,NAO19,NOXFGCAQV,NO,2.5
2022-05-26 00:47,AM09,NOQLL8OS9,NO,3.1
2022-05-26 00:52,EG19,NAOBMYOFQE,NAO,1.4
2022-05-26 01:51,NAO31,GEL6246HI,GE,2.5
2022-05-26 03:03,NAO05,NAO5ZJA8DZ,NAO,2.5
2022-05-26 03:34,EG03,EGUT0CVS4,EG,1.2
2022-05-26 04:13,NO07,NO7PTX63C,NO,3.55
2022-05-26 04:54,NAO24,NORCBPLJD,NO,2.5
2022-05-26 05:01,NAO03,NAOURTP0LZ,NAO,2.5
2022-05-26 05:04,EG11,EGIGQPKI7,EG,0.5
2022-05-26 05:27,EG25,NAOHL1N13J,NAO,1.8
2022-05-26 05:37,EG13,EGYTJXEPQ,EG,1.2
2022-05-26 05:44,NAO03,EG9CHJ755,EG,2.5
2022-05-26 05:50,NAO09,EGRHOCN9J,EG,2.5
2022-05-26 06:27,NAO37,NAOHL1N13J,NAO,2.5
2022-05-26 06:28,OO01,OO3KKV9RF,OO,2.3
2022-05-26 07:16,NO12,NOXFGCAQV,NO,3.35
2022-05-26 07:36,EG10,NAO09SKDGI,NAO,0.9
2022-05-26 07:40,MO05,MOJCKJLTE,MO,2.6
2022-05-26 08:26,KO01,KOJDP0LVS,KO,3.4
2022-05-26 08:41,NAO26,NAOHAFEYUH,NAO,2.5
2022-05-26 08:46,OO10,OOQ0OXFQ8,OO,2.5
2022-05-26 08:51,NAO22,NAOHL1N13J,NAO,2.5
2022-05-26 09:01,NO09,EG7UR23GD,EG,4.2
2022-05-26 09:06,NO06,NOE1V2ISQ,NO,3.25
2022-05-26 09:17,NAO07,NAOP0J43D5,NAO,2.5
2022-05-26 09:39,NO05,NO7PTX63C,NO,3.25
2022-05-26 10:47,EG28,EGIGQPKI7,EG,1.4
2022-05-26 11:15,NAO01,NAOBMYOFQE,NAO,2.5
2022-05-26 11:20,AM03,AMH9SDBDW,AM,2.2
2022-05-26 11:29,OO08,OO3KKV9RF,OO,1.9
2022-05-26 11:51,MO08,KONCXLL4Z,KO,3.15
2022-05-26 12:03,AM08,OOZSJ49IT,OO,2.8
2022-05-26 12:31,EG08,EGVWPVS7H,EG,1.8
2022-05-26 12:33,GE02,OO3KKV9RF,OO,14.7
2022-05-26 12:42,AM06,NAOBMYOFQE,NAO,3.6
2022-05-26 12:57,OO01,OOZSJ49IT,OO,2.3
2022-05-26 13:06,KO04,KOWKTAKPU,KO,2.95
2022-05-26 13:47,NO05,NAOURTP0LZ,NAO,3.25
2022-05-26 14:05,OO06,KOJDP0LVS,KO,3.5
2022-05-26 14:54,NAO01,NAONSM43D8,NAO,2.5
2022-05-26 15:02,EG10,NAO09SKDGI,NAO,0.9
2022-05-26 15:09,OO03,NAOVZ41NAM,NAO,2.4
2022-05-26 15:11,KO01,KOJDP0LVS,KO,3.4
2022-05-26 15:42,EG01,NAO5UQPGB7,NAO,3.0
2022-05-26 15:43,EG36,MOJCKJLTE,MO,1.0
2022-05-26 16:39,AM02,AMV3A3ZMF,AM,2.0
2022-05-26 17:16,NAO26,NAO09SKDGI,NAO,2.5
2022-05-26 17:24,EG07,EGSEIMVIH,EG,1.8
2022-05-26 17:26,KO02,EGYTJXEPQ,EG,3.4
2022-05-26 17:32,KO09,EGIGQPKI7,EG,2.05
2022-05-26 17:49,NAO23,EG9CHJ755,EG,2.5
2022-05-26 18:04,OO06,OO7PZE9VI,OO,3.5
2022-05-26 18:11,OO10,OOQ0OXFQ8,OO,2.5
2022-05-26 18:37,NAO19,EGYTJXEPQ,EG,2.5
2022-05-26 18:43,NO05,NO7PTX63C,NO,3.25
2022-05-26 18:45,OO07,NAONSM43D8,NAO,1.9
2022-05-26 18:55,NO04,NO7PTX63C,NO,3.25
2022-05-26 19:22,NAO31,NAOURTP0LZ,NAO,2.5
2022-05-26 19:33,EG16,EGYTJXEPQ,EG,1.2
2022-05-26 20:20,EG25,EGVWPVS7H,EG,1.8
2022-05-26 20:53,KO06,EGC11ERTJ,EG,1.9
2022-05-26 21:02,AM02,AMH9SDBDW,AM,2.0
2022-05-26 21:18,OO05,OO1B0Z3NX,OO,3.5
2022-05-26 21:26,EG32,EGF1T2TAL,EG,1.4
2022-05-26 21:48,NO11,NOQLL8OS9,NO,3.35
2022-05-26 21:48,AM08,AMXAJI0Y6,AM,2.8
2022-05-26 21:59,NAO23,EG9CHJ755,EG,2.5
2022-05-26 22:18,NO11,NAOBMYOFQE,NAO,3.35
2022-05-26 22:20,MO05,MOJCKJLTE,MO,2.6
2022-05-26 22:29,NAO16,EGUT0CVS4,EG,2.5
2022-05-26 22:53,EG37,EGUT0CVS4,EG,1.4
2022-05-26 23:14,KO09,KOWM31YIH,KO,2.05
2022-05-26 23:16,NAO41,EGUT0CVS4,EG,2.5
2022-05-26 23:35,NO07,NOE1V2ISQ,NO,3.55
2022-05-26 23:41,AM08,AMXAJI0Y6,AM,2.8
2022-05-27 00:05,OO06,NO7PTX63C,NO,3.5
2022-05-27 00:10,NAO36,NAO5UQPGB7,NAO,2.5
2022-05-27 00:31,AM02,AMNT3W5UZ,AM,2.0
2022-05-27 00:33,KO08,KOWM31YIH,KO,1.85
2022-05-27 00:33,NO05,NORCBPLJD,NO,3.25
2022-05-27 00:36,EG23,EG7UR23GD,EG,1.4
2022-05-27 00:38,NAO25,OOQ0OXFQ8,OO,2.5
2022-05-27 01:25,KO02,EGYTJXEPQ,EG,3.4
2022-05-27 01:39,NAO09,NAO09SKDGI,NAO,2.5
2022-05-27 02:05,MO06,MOV86WZS3,MO,2.6
2022-05-27 02:50,EG25,EGUT0CVS4,EG,1.8
2022-05-27 03:11,EG11,OO1B0Z3NX,OO,0.5
2022-05-27 04:38,KO05,KOWM31YIH,KO,1.9
2022-05-27 04:50,NO14,NO7PTX63C,NO,4.15
2022-05-27 05:01,NO09,EGRHOCN9J,EG,4.2
2022-05-27 06:11,EG26,AMHJ7XVG0,AM,1.8
2022-05-27 06:33,AM01,AMNT3W5UZ,AM,2.0
2022-05-27 06:48,AM03,AMLJH75LX,AM,2.2
2022-05-27 06:56,NAO07,AMNT3W5UZ,AM,2.5
2022-05-27 07:50,OO01,OOZSJ49IT,OO,2.3
2022-05-27 08:00,NAO24,NORCBPLJD,NO,2.5
2022-05-27 08:09,EG38,EGUT0CVS4,EG,1.4
2022-05-27 08:33,NAO32,NAO5UQPGB7,NAO,2.5
2022-05-27 09:18,NO10,NOQLL8OS9,NO,4.2
2022-05-27 09:54,NAO09,NAO09SKDGI,NAO,2.5
2022-05-27 10:28,MO05,NAOLY8OZCY,NAO,2.6
2022-05-27 11:09,EG19,EGF1T2TAL,EG,1.4
2022-05-27 11:24,NO02,NO7PTX63C,NO,3.85
2022-05-27 11:45,OO06,OO3KKV9RF,OO,3.5
2022-05-27 11:45,OO02,OO3KKV9RF,OO,2.3
2022-05-27 12:12,NO06,NOX6GVWRD,NO,3.25
2022-05-27 12:27,EG21,NAOP0J43D5,NAO,1.6
2022-05-27 12:28,EG34,EGVWPVS7H,EG,2.0
2022-05-27 12:36,KO01,KONCXLL4Z,KO,3.4
2022-05-27 13:05,NAO24,NAONSM43D8,NAO,2.5
2022-05-27 13:38,KO09,EGUT0CVS4,EG,2.05
2022-05-27 14:08,NAO23,NAO09SKDGI,NAO,2.5
2022-05-27 14:23,EG22,NAO5UQPGB7,NAO,1.6
2022-05-27 14:35,NAO11,NAO5UQPGB7,NAO,2.5
2022-05-27 15:10,EG28,EG9CHJ755,EG,1.4
2022-05-27 15:19,KO09,KOWM31YIH,KO,2.05
2022-05-27 15:56,EG12,EGC11ERTJ,EG,0.5
2022-05-27 16:01,NO03,NOE1V2ISQ,NO,3.25
2022-05-27 16:09,NAO20,NAO5UQPGB7,NAO,2.5
2022-05-27 16:23,OO03,NAOVZ41NAM,NAO,2.4
2022-05-27 16:56,NAO41,NAOP0J43D5,NAO,2.5
2022-05-27 17:01,OO10,OOQ0OXFQ8,OO,2.5
2022-05-27 17:14,NAO04,MOV86WZS3,MO,2.5
2022-05-27 17:26,EG20,EGSEIMVIH,EG,1.4
2022-05-27 18:03,OO05,OOZSJ49IT,OO,3.5
2022-05-27 18:55,NO10,OO1B0Z3NX,OO,4.2
2022-05-27 19:01,NO01,OOQ0OXFQ8,OO,3.85
2022-05-27 20:16,KO05,KOWM31YIH,KO,1.9
2022-05-27 20:50,NAO30,NAO5ZJA8DZ,NAO,2.5
2022-05-27 20:54,AM04,EGYTJXEPQ,EG,2.2
2022-05-27 21:23,OO06,NAOHL1N13J,NAO,3.5
2022-05-27 22:03,EG34,EGIGQPKI7,EG,2.0
2022-05-27 22:03,NAO33,NAOP0J43D5,NAO,2.5
2022-05-27 22:08,NAO24,NAOHL1N13J,NAO,2.5
2022-05-27 22:46,NO05,NOX6GVWRD,NO,3.25
2022-05-27 23:31,NAO29,EGC11ERTJ,EG,2.5
2022-05-27 23:43,NAO17,NAONSM43D8,NAO,2.5
2022-05-28 00:24,EG29,EGF1T2TAL,EG,1.5
2022-05-28 00:37,NAO02,KOIXA11DP,KO,2.5
2022-05-28 01:41,AM03,MOJCKJLTE,MO,2.2
2022-05-28 01:44,AM08,EG9CHJ755,EG,2.8
2022-05-28 01:53,NO06,EGRHOCN9J,EG,3.25
2022-05-28 02:10,KO10,KOWM31YIH,KO,2.05
2022-05-28 02:32,EG06,KOWKTAKPU,KO,1.7
2022-05-28 03:32,EG18,KOIXA11DP,KO,2.1
2022-05-28 03:40,NAO06,NOQLL8OS9,NO,2.5
2022-05-28 03:51,OO05,OO3KKV9RF,OO,3.5
2022-05-28 04:00,NAO26,NAOLY8OZCY,NAO,2.5
2022-05-28 04:01,AM03,AMNT3W5UZ,AM,2.2
2022-05-28 04:06,EG21,EGYTJXEPQ,EG,1.6
2022-05-28 04:16,AM10,AMNT3W5UZ,AM,3.1
2022-05-28 05:10,NAO16,NAOHL1N13J,NAO,2.5
2022-05-28 05:16,NAO22,NAO5ZJA8DZ,NAO,2.5
2022-05-28 05:22,MO02,MOV86WZS3,MO,1.35
2022-05-28 05:26,EG34,EGIGQPKI7,EG,2.0
2022-05-28 05:45,OO08,OO3KKV9RF,OO,1.9
2022-05-28 05:52,NAO03,NAOLY8OZCY,NAO,2.5
2022-05-28 06:06,EG04,EGYTJXEPQ,EG,1.2
2022-05-28 06:17,OO02,OOZSJ49IT,OO,2.3
2022-05-28 06:22,AM02,AMHJ7XVG0,AM,2.0
2022-05-28 06:38,OO05,EG9CHJ755,EG,3.5
2022-05-28 06:46,EG24,EGVWPVS7H,EG,1.4
2022-05-28 07:12,NAO02,KOIXA11DP,KO,2.5
2022-05-28 07:28,NAO10,AMV3A3ZMF,AM,2.5
2022-05-28 07:44,NO14,OO1B0Z3NX,OO,4.15
2022-05-28 07:55,NO04,NOXFGCAQV,NO,3.25
2022-05-28 08:32,MO03,MOV86WZS3,MO,2.1
2022-05-28 09:16,NAO18,NAOHAFEYUH,NAO,2.5
2022-05-28 09:47,EG32,NAOBMYOFQE,NAO,1.4
2022-05-28 09:55,EG06,EGC11ERTJ,EG,1.7
2022-05-28 09:55,NAO17,OO1B0Z3NX,OO,2.5
2022-05-28 11:22,NO01,NAOVZ41NAM,NAO,3.85
2022-05-28 11:56,NO08,NOQLL8OS9,NO,3.55
2022-05-28 12:03,EG26,EGYTJXEPQ,EG,1.8
2022-05-28 12:16,NO10,NOQLL8OS9,NO,4.2
2022-05-28 12:25,KO01,OO3KKV9RF,OO,3.4
2022-05-28 12:53,EG01,EGRHOCN9J,EG,3.0
2022-05-28 13:14,NO07,NOE1V2ISQ,NO,3.55
2022-05-28 13:15,NAO01,NAOP0J43D5,NAO,2.5
2022-05-28 13:20,NAO04,NAOP0J43D5,NAO,2.5
2022-05-28 13:39,KO08,KONCXLL4Z,KO,1.85
2022-05-28 14:01,KO10,KOJDP0LVS,KO,2.05
2022-05-28 14:13,NO02,NOXFGCAQV,NO,3.85
2022-05-28 14:19,AM08,EGYTJXEPQ,EG,2.8
2022-05-28 14:35,EG14,NAOHAFEYUH,NAO,1.2
2022-05-28 15:00,EG18,NAO5ZJA8DZ,NAO,2.1
2022-05-28 15:17,OO04,OOZSJ49IT,OO,2.4
2022-05-28 15:19,NAO20,EG7UR23GD,EG,2.5
2022-05-28 16:08,AM07,NAOP0J43D5,NAO,2.8
2022-05-28 16:56,NO12,NOQLL8OS9,NO,3.35
2022-05-28 17:13,NO10,NAOURTP0LZ,NAO,4.2
2022-05-28 17:38,AM05,AMLJH75LX,AM,3.6
2022-05-28 17:43,MO12,AMH9SDBDW,AM,2.05
2022-05-28 18:04,NAO03,EGF1T2TAL,EG,2.5
2022-05-28 18:05,AM02,NAOBMYOFQE,NAO,2.0
2022-05-28 18:46,EG34,EGUT0CVS4,EG,2.0
2022-05-28 19:05,AM06,AMHJ7XVG0,AM,3.6
2022-05-28 19:33,OO07,OO3KKV9RF,OO,1.9
2022-05-28 20:07,OO02,OOQ0OXFQ8,OO,2.3
2022-05-28 21:02,AM04,AMLJH75LX,AM,2.2
2022-05-28 21:09,EG02,EGVWPVS7H,EG,3.0
2022-05-28 21:50,NAO32,NAO5UQPGB7,NAO,2.5
2022-05-28 21:56,KO09,KOJDP0LVS,KO,2.05
